precision,recall,f1,time
0.9808126410835214,0.8388030888030888,0.9042663891779397,17.352589254001032
