precision,recall,f1,time
0.9763694951664876,0.8774131274131274,0.9242501270971022,16.451477481999063
