precision,recall,f1,time
0.0008102634735678363,0.7654440154440154,0.0016188133465342492,2.9029124670014426
