precision,recall,f1,time
0.0028066715964177144,0.8243243243243243,0.005594295652629614,8.253551328998583
