precision,recall,f1,time
0.9744680851063829,0.8841698841698842,0.9271255060728746,16.798816399002135
