precision,recall,f1,time
0.9794594594594594,0.8745173745173745,0.924018357980622,16.919663636000223
