precision,recall,f1,time
0.0006907006128307601,0.803088803088803,0.0013802141654432197,2.6918366889995013
