precision,recall,f1,time
0.9814169570267132,0.8156370656370656,0.8908803373748024,21.58659234699917
