precision,recall,f1,time
0.0006830635911813432,0.7760617760617761,0.001364925820356069,2.3713610959994185
