precision,recall,f1,time
0.0008860677391091172,0.777992277992278,0.0017701194611018443,3.245388838998224
