precision,recall,f1,time
0.9837587006960556,0.8185328185328186,0.8935721812434141,18.237953060999644
