precision,recall,f1,time
0.0010483136949234484,0.8204633204633205,0.0020939519277906834,3.9912275380011124
