precision,recall,f1,time
0.9819819819819819,0.8416988416988417,0.9064449064449065,17.22856117899937
