precision,recall,f1,time
0.0016444274540500852,0.7847490347490348,0.003281977583245363,5.039934473998983
