precision,recall,f1,time
0.9725576289791438,0.8552123552123552,0.9101181304571135,16.4801300729996
