precision,recall,f1,time
0.9844497607655502,0.7944015444015444,0.8792735042735044,19.8991440209993
