precision,recall,f1,time
0.0006763846814974038,0.7702702702702703,0.0013515825202102235,2.2622784940012934
