precision,recall,f1,time
0.0006208911899919222,0.7664092664092664,0.001240777189077098,2.155545687000995
